iter,Energy,sigma_E,Mx,sigma_Mx,Mz,sigma_Mz,Mz_AFM,sigma_Mz_AFM,Ntot,sigma_Ntot,accept
0,-40.17407064012,0.004634811678281175,-0.7957159041531858,0.0008405383207769016,-0.0001354217529296875,0.0006511442247315605,-0.04385566711425781,0.0029477866004818964,nan,nan,0.4946438471476237
