L,J,alpha,delta,h,gs_energy,afm_z_magnetization,transverse_x_magnetization
16,1.0,6.0,0.5,1.0,-20.595323304464987,-1.0313798426420107e-14,-0.6983588216045674
