L,J,alpha,delta,h,gs_energy,afm_z_magnetization,transverse_x_magnetization
16,1.0,2.0,0.0,1.0,-19.324649975354173,-6.140063907615276e-15,-0.8183425487390666
