log_file,n_iters,E_initial,E_final,sigma_E_final,accept_initial,accept_final,Mx_final,sigma_Mx_final,Mz_final,sigma_Mz_final,Mz_AFM_final,sigma_Mz_AFM_final,Mz_AFM_sq_final,sigma_Mz_AFM_sq_final,Ntot_final,sigma_Ntot_final
/mnt/d/0_code/0_nqs/phase_diagram/train/complex64/L32_J1.25_delta0.0_alphaInt6.0/rbm_LongIsing_L=32_J=1.25_delta=0.0_alphaInt=6.0_alpha=12_Cal1.log,205,-45.506682785177645,-46.2608697749569,0.00021793548820657854,0.29041751225789386,0.12518835067749023,-0.4567733873865456,0.0010177897533894967,0.000396728515625,0.0004167524027750398,0.01175689697265625,0.03791790167853225,0.7704784870147705,0.0010837719648583118,nan,nan
