iter,Energy,sigma_E,Mx,sigma_Mx,Mz,sigma_Mz,Mz_AFM,sigma_Mz_AFM,Ntot,sigma_Ntot,accept
0,-49.525518599488116,0.00023622789421818747,-0.4165351553718813,0.0010206105815316572,0.00018310546875,0.000373158514334381,-0.0131683349609375,0.03928051760732588,nan,nan,0.10392618179321289
